Timestamp,Market Long proba (%),Market Short proba (%),Order Type,Market Mid,Holding,Holding Value
2017-08-10 23:31:44.538952,0.497196,0.488268,-1,3412.275,0,10000.0
2017-08-10 23:32:46.092826,0.881245,0.113546,0,3424.0950000000003,0.1,10000.0
2017-08-10 23:33:47.485046,0.995593,0.00406152,0,3426.295,0.2,10000.22
2017-08-10 23:34:49.017112,0.998591,0.00128595,0,3426.295,0.30000000000000004,10000.220000000001
2017-08-10 23:35:50.712230,0.998649,0.00123277,0,3426.295,0.4,10000.220000000001
2017-08-10 23:36:52.420355,0.998667,0.00121634,0,3426.295,0.5,10000.220000000001
2017-08-10 23:37:54.022065,0.606853,0.00324112,0,3426.8,0.6,10000.472500000002
2017-08-10 23:38:55.616736,0.607913,0.00319373,0,3427.285,0.7,10000.763500000001
2017-08-10 23:39:57.498339,0.892739,6.33678e-05,0,3427.285,0.7999999999999999,10000.763500000001
2017-08-10 23:40:59.135292,0.990455,3.30095e-06,0,3428.585,0.8999999999999999,10001.803500000002
2017-08-10 23:42:00.971435,0.996325,1.16644e-06,0,3431.3050000000003,0.9999999999999999,10004.2515
2017-08-10 23:43:02.711233,0.996638,1.06455e-06,0,3431.3050000000003,1.0999999999999999,10004.2515
2017-08-10 23:44:04.306648,0.996752,1.02795e-06,0,3431.795,1.0999999999999999,10004.790500000001
2017-08-10 23:45:05.927320,0.996852,9.95674e-07,0,3431.795,1.0999999999999999,10004.790500000001
2017-08-10 23:46:07.716365,0.996947,9.65558e-07,0,3431.795,1.0999999999999999,10004.790500000001
2017-08-10 23:47:09.422249,0.997036,9.3733e-07,0,3431.9750000000004,1.0999999999999999,10004.988500000001
2017-08-10 23:48:11.415691,0.99712,9.10819e-07,0,3431.925,1.0999999999999999,10004.933500000001
2017-08-10 23:49:13.178563,0.997199,8.85877e-07,0,3431.925,1.0999999999999999,10004.933500000001
2017-08-10 23:50:14.999664,0.997274,8.62371e-07,0,3431.925,1.0999999999999999,10004.933500000001
2017-08-10 23:51:16.775012,0.550231,0.0235193,0,3432.745,1.0999999999999999,10005.835500000001
2017-08-10 23:52:18.986328,0.552061,0.0229654,0,3431.925,1.0999999999999999,10004.933500000001
2017-08-10 23:53:20.900941,0.382353,0.110929,-1,3431.925,1.0999999999999999,10004.933500000001
2017-08-10 23:54:22.794713,0.0360299,0.000209425,-1,3432.915,1.0999999999999999,10006.0225
2017-08-10 23:55:24.606830,0.40708,0.0644456,-1,3437.965,1.0999999999999999,10011.5775
2017-08-10 23:56:26.467136,0.585434,0.0726894,0,3440.965,1.0999999999999999,10014.8775
2017-08-10 23:57:28.279021,0.682731,0.0431979,0,3441.085,1.0999999999999999,10015.0095
2017-08-10 23:58:30.091566,0.812563,0.00893565,0,3441.085,1.0999999999999999,10015.0095
2017-08-10 23:59:32.142636,0.968475,6.52983e-05,0,3441.085,1.0999999999999999,10015.0095
2017-08-11 00:00:34.050639,0.996751,4.45973e-07,0,3441.085,1.0999999999999999,10015.0095
2017-08-11 00:01:35.737476,0.673617,0.0276536,0,3441.085,1.0999999999999999,10015.0095
2017-08-11 00:02:37.489702,0.514824,0.0175775,0,3441.085,1.0999999999999999,10015.0095
2017-08-11 00:03:39.415429,0.409327,0.0115644,-1,3441.1099999999997,1.0999999999999999,10015.037
2017-08-11 00:05:02.721414,0.485033,0.00853607,-1,3441.115,1.0999999999999999,10015.0425
2017-08-11 00:06:04.958733,0.577787,0.00589176,0,3441.125,1.0999999999999999,10015.0535
2017-08-11 00:07:06.958113,0.654616,0.00426222,0,3441.125,1.0999999999999999,10015.0535
2017-08-11 00:08:09.389047,0.712268,0.00326812,0,3441.675,1.0999999999999999,10015.658500000001
2017-08-11 00:09:11.580228,0.754897,0.00263005,0,3442.425,1.0999999999999999,10016.4835
2017-08-11 00:10:13.891016,0.787005,0.00219495,0,3443.23,1.0999999999999999,10017.369
2017-08-11 00:11:15.923390,0.811857,0.00188173,0,3443.52,1.0999999999999999,10017.688
2017-08-11 00:12:18.048902,0.831605,0.00164601,0,3444.8050000000003,1.0999999999999999,10019.1015
2017-08-11 00:13:20.316743,0.847676,0.00146182,0,3443.455,1.0999999999999999,10017.6165
2017-08-11 00:14:22.156976,0.86103,0.00131304,0,3443.415,1.0999999999999999,10017.5725
2017-08-11 00:15:24.390030,0.766898,0.00247727,0,3442.84,1.0999999999999999,10016.94
2017-08-11 00:16:26.776835,0.636195,0.00465051,0,3443.0950000000003,1.0999999999999999,10017.2205
2017-08-11 00:17:29.104458,0.481991,0.00870454,-1,3443.26,1.0999999999999999,10017.402
2017-08-11 00:18:31.255324,0.331455,0.0162125,-1,3443.275,1.0999999999999999,10017.4185
2017-08-11 00:19:33.469099,0.407586,0.0117365,-1,3443.275,1.0999999999999999,10017.4185
2017-08-11 00:20:35.673280,0.512221,0.0077215,0,3443.995,1.0999999999999999,10018.210500000001
2017-08-11 00:21:37.918728,0.604356,0.00532211,0,3443.635,1.0999999999999999,10017.8145
2017-08-11 00:22:40.209474,0.675284,0.0039161,0,3444.325,1.0999999999999999,10018.5735
2017-08-11 00:23:42.460392,0.727601,0.00305316,0,3444.87,1.0999999999999999,10019.173
2017-08-11 00:24:44.721153,0.766366,0.00248934,0,3445.9750000000004,1.0999999999999999,10020.388500000001
2017-08-11 00:25:46.945677,0.795809,0.0020978,0,3446.895,1.0999999999999999,10021.4005
2017-08-11 00:26:49.272301,0.818791,0.00181187,0,3447.67,1.0999999999999999,10022.253
2017-08-11 00:27:51.937687,0.837184,0.00159451,0,3447.88,1.0999999999999999,10022.484
2017-08-11 00:28:54.392867,0.852216,0.00142401,0,3447.885,1.0999999999999999,10022.4895
2017-08-11 00:29:57.020801,0.864724,0.00128685,0,3447.885,1.0999999999999999,10022.4895
2017-08-11 00:30:59.469037,0.87529,0.0011742,0,3447.9449999999997,1.0999999999999999,10022.5555
2017-08-11 00:32:01.910026,0.884334,0.00108009,0,3447.9849999999997,1.0999999999999999,10022.5995
2017-08-11 00:33:04.349541,0.89216,0.00100033,0,3447.9849999999997,1.0999999999999999,10022.5995
2017-08-11 00:34:06.535387,0.898999,0.000931918,0,3447.9849999999997,1.0999999999999999,10022.5995
2017-08-11 00:35:08.714400,0.905026,0.000872618,0,3447.9849999999997,1.0999999999999999,10022.5995
2017-08-11 00:36:11.211944,0.843669,0.000505718,0,3447.335,1.0999999999999999,10021.8845
2017-08-11 00:37:13.762471,0.741496,0.000951002,0,3447.485,1.0999999999999999,10022.049500000001
2017-08-11 00:38:16.520696,0.60385,0.00178806,0,3446.815,1.0999999999999999,10021.3125
2017-08-11 00:39:19.029601,0.44756,0.00335889,-1,3444.88,1.0999999999999999,10019.184000000001
2017-08-11 00:40:21.642464,0.301049,0.00629921,-1,3445.855,1.0999999999999999,10020.2565
2017-08-11 00:41:24.556204,0.186497,0.0117697,-1,3439.6899999999996,1.0999999999999999,10013.475
2017-08-11 00:42:27.126058,0.108834,0.0218681,-1,3442.99,1.0999999999999999,10017.105
2017-08-11 00:43:29.723755,0.0613378,0.0401073,-1,3441.6549999999997,1.0999999999999999,10015.6365
2017-08-11 00:44:32.365153,0.0339793,0.0720322,-1,3441.795,1.0999999999999999,10015.790500000001
2017-08-11 00:45:34.779966,0.0598944,0.041095,-1,3441.0550000000003,1.0999999999999999,10014.9765
2017-08-11 00:46:37.657216,0.0342033,0.0715794,-1,3437.005,1.0999999999999999,10010.5215
2017-08-11 00:47:40.295570,0.0189299,0.123966,-1,3435.04,1.0999999999999999,10008.36
2017-08-11 00:48:43.137249,0.0106006,0.203096,-1,3436.815,1.0999999999999999,10010.3125
2017-08-11 00:49:45.830837,0.00611571,0.307396,-1,3436.925,1.0999999999999999,10010.433500000001
2017-08-11 00:50:48.507886,0.00370504,0.423529,-1,3437.035,1.0999999999999999,10010.5545
2017-08-11 00:51:51.213616,0.00692683,0.281455,-1,3438.015,1.0999999999999999,10011.6325
2017-08-11 00:52:53.982033,0.0129315,0.17256,-1,3434.115,1.0999999999999999,10007.3425
2017-08-11 00:53:56.875588,0.00824552,0.247355,-1,3436.065,1.0999999999999999,10009.4875
2017-08-11 00:54:59.995717,0.00490283,0.356795,-1,3436.525,1.0999999999999999,10009.9935
2017-08-11 00:56:03.220229,0.00305286,0.471759,-1,3438.5150000000003,1.0999999999999999,10012.1825
2017-08-11 00:57:06.046524,0.00571764,0.322295,-1,3439.245,1.0999999999999999,10012.9855
2017-08-11 00:58:08.880262,0.0106936,0.201918,-1,3442.245,1.0999999999999999,10016.2855
2017-08-11 00:59:11.784866,0.0198895,0.118759,-1,3444.205,1.0999999999999999,10018.4415
2017-08-11 01:00:14.662507,0.0365884,0.0671721,-1,3445.46,1.0999999999999999,10019.822
2017-08-11 01:01:17.515827,0.0660042,0.0372567,-1,3446.185,1.0999999999999999,10020.6195
2017-08-11 01:02:20.421463,0.115093,0.0205939,-1,3438.805,1.0999999999999999,10012.5015
2017-08-11 01:03:23.312143,0.0660145,0.0372513,-1,3444.04,1.0999999999999999,10018.26
2017-08-11 01:04:26.276603,0.0366407,0.0670808,-1,3445.88,1.0999999999999999,10020.284
2017-08-11 01:05:28.990552,0.0202687,0.11676,-1,3448.185,1.0999999999999999,10022.8195
2017-08-11 01:06:31.930249,0.0367116,0.0669562,-1,3448.175,1.0999999999999999,10022.808500000001
2017-08-11 01:07:34.922752,0.0661816,0.0371552,-1,3448.0699999999997,1.0999999999999999,10022.693
2017-08-11 01:08:39.596844,0.115346,0.0205446,-1,3440.12,1.0999999999999999,10013.948
2017-08-11 01:09:42.694727,0.0661349,0.0371827,-1,3441.76,1.0999999999999999,10015.752
2017-08-11 01:10:45.725948,0.0366768,0.0670192,-1,3441.755,1.0999999999999999,10015.746500000001
2017-08-11 01:11:49.047927,0.020267,0.116773,-1,3441.9849999999997,1.0999999999999999,10015.9995
2017-08-11 01:12:52.137938,0.0366609,0.0670483,-1,3442.005,1.0999999999999999,10016.0215
2017-08-11 01:13:55.223021,0.0660497,0.037233,-1,3441.755,1.0999999999999999,10015.746500000001
2017-08-11 01:14:58.392642,0.0634816,0.0357424,-1,3439.005,1.0999999999999999,10012.7215
2017-08-11 01:16:01.972323,0.0355421,0.0638292,-1,3439.48,1.0999999999999999,10013.244
2017-08-11 01:17:05.099664,0.019625,0.111522,-1,3439.865,1.0999999999999999,10013.6675
2017-08-11 01:18:08.532536,0.0109491,0.184993,-1,3439.875,1.0999999999999999,10013.6785
2017-08-11 01:19:11.805746,0.0201678,0.108798,-1,3439.875,1.0999999999999999,10013.6785
2017-08-11 01:20:15.097077,0.0370515,0.0613022,-1,3439.875,1.0999999999999999,10013.6785
2017-08-11 01:21:18.307096,0.066733,0.0339484,-1,3439.955,1.0999999999999999,10013.7665
2017-08-11 01:22:21.582870,0.116196,0.0187544,-1,3439.955,1.0999999999999999,10013.7665
2017-08-11 01:23:24.607665,0.191748,0.0104815,-1,3441.435,1.0999999999999999,10015.3945
2017-08-11 01:24:27.866231,0.293287,0.00601982,-1,3441.435,1.0999999999999999,10015.3945
2017-08-11 01:25:31.247808,0.409008,0.00362014,-1,3442.995,1.0999999999999999,10017.1105
2017-08-11 01:26:34.424275,0.519812,0.00231993,0,3442.995,1.0999999999999999,10017.1105
2017-08-11 01:27:37.759615,0.611408,0.0016008,0,3440.715,1.0999999999999999,10014.6025
2017-08-11 01:28:41.098571,0.455646,0.00300478,-1,3440.915,1.0999999999999999,10014.8225
2017-08-11 01:29:44.553161,0.307953,0.00563715,-1,3441.1850000000004,1.0999999999999999,10015.1195
2017-08-11 01:30:47.755932,0.191453,0.0105415,-1,3441.125,1.0999999999999999,10015.0535
2017-08-11 01:31:51.187105,0.268381,0.00683082,-1,3441.115,1.0999999999999999,10015.0425
2017-08-11 01:32:54.724633,0.379551,0.0041088,-1,3441.125,1.0999999999999999,10015.0535
2017-08-11 01:33:58.173030,0.246086,0.00767284,-1,3443.435,1.0999999999999999,10017.5945
2017-08-11 01:35:01.656179,0.325869,0.00519514,-1,3443.76,1.0999999999999999,10017.952000000001
2017-08-11 01:36:05.265414,0.437886,0.00323191,-1,3444.995,1.0999999999999999,10019.3105
2017-08-11 01:37:08.793050,0.544157,0.00211414,0,3444.995,1.0999999999999999,10019.3105
2017-08-11 01:38:12.918966,0.630128,0.00148603,0,3447.9049999999997,1.0999999999999999,10022.5115
2017-08-11 01:39:16.491447,0.694536,0.00111841,0,3446.9049999999997,1.0999999999999999,10021.4115
2017-08-11 01:40:20.037021,0.741824,0.000890349,0,3446.55,1.0999999999999999,10021.021
2017-08-11 01:41:23.620291,0.777083,0.000739449,0,3447.535,1.0999999999999999,10022.1045
2017-08-11 01:42:27.252139,0.649488,0.00139018,0,3447.535,1.0999999999999999,10022.1045
2017-08-11 01:43:30.629623,0.680876,0.00121031,0,3447.915,1.0999999999999999,10022.5225
2017-08-11 01:44:34.272488,0.727023,0.000974366,0,3447.915,1.0999999999999999,10022.5225
2017-08-11 01:45:37.929398,0.765204,0.000801607,0,3447.635,1.0999999999999999,10022.2145
2017-08-11 01:46:41.661639,0.794795,0.000680069,0,3447.6800000000003,1.0999999999999999,10022.264000000001
2017-08-11 01:47:45.372816,0.673066,0.00127865,0,3447.585,1.0999999999999999,10022.1595
2017-08-11 01:48:49.071847,0.522484,0.00240307,0,3447.71,1.0999999999999999,10022.297
2017-08-11 01:49:52.811569,0.573654,0.00195726,0,3447.71,1.0999999999999999,10022.297
2017-08-11 01:50:56.784254,0.645378,0.00145139,0,3447.745,1.0999999999999999,10022.335500000001
2017-08-11 01:52:00.829163,0.704421,0.00111315,0,3447.005,1.0999999999999999,10021.5215
2017-08-11 01:53:04.763016,0.558919,0.00209146,0,3447.005,1.0999999999999999,10021.5215
2017-08-11 01:54:08.873273,0.402489,0.00392707,-1,3447.005,1.0999999999999999,10021.5215
2017-08-11 01:55:12.737541,0.263788,0.00735739,-1,3447.005,1.0999999999999999,10021.5215
2017-08-11 01:56:16.676885,0.217392,0.00571419,-1,3447.1800000000003,1.0999999999999999,10021.714
2017-08-11 01:57:20.645866,0.306765,0.00359624,-1,3446.565,1.0999999999999999,10021.0375
2017-08-11 01:58:24.539317,0.190895,0.00672386,-1,3442.7650000000003,1.0999999999999999,10016.8575
2017-08-11 01:59:28.424595,0.111535,0.0125625,-1,3441.185,1.0999999999999999,10015.1195
2017-08-11 02:00:32.346188,0.062711,0.0233143,-1,3435.165,1.0999999999999999,10008.497500000001
2017-08-11 02:01:36.318717,0.034522,0.042757,-1,3435.1949999999997,1.0999999999999999,10008.5305
2017-08-11 02:02:40.260222,0.0188895,0.0766006,-1,3435.1949999999997,1.0999999999999999,10008.5305
2017-08-11 02:03:44.211271,0.0103898,0.132046,-1,3430.235,1.0999999999999999,10003.0745
2017-08-11 02:04:48.011489,0.00581684,0.214478,-1,3428.425,1.0999999999999999,10001.0835
2017-08-11 02:05:52.727756,0.00336596,0.321231,-1,3429.995,1.0999999999999999,10002.8105
2017-08-11 02:06:56.823211,0.00205209,0.437686,-1,3429.995,1.0999999999999999,10002.8105
2017-08-11 02:08:01.181956,0.00134106,0.544572,1,3429.3100000000004,0.9999999999999999,10002.057
2017-08-11 02:09:05.191831,0.0025183,0.388753,-1,3429.59,0.9999999999999999,10002.337000000001
2017-08-11 02:10:09.423813,0.00189188,0.458971,-1,3429.56,0.9999999999999999,10002.307
2017-08-11 02:11:13.491492,0.00129037,0.55531,1,3429.5699999999997,0.8999999999999999,10002.317000000001
2017-08-11 02:12:17.109910,0.0024232,0.399114,-1,3429.315,0.8999999999999999,10002.087500000001
2017-08-11 02:13:21.198120,0.00183294,0.468071,-1,3429.5550000000003,0.8999999999999999,10002.303500000002
2017-08-11 02:14:25.451850,0.00125861,0.562705,1,3422.83,0.7999999999999999,9996.251000000002
2017-08-11 02:15:29.324752,0.000904736,0.643188,1,3425.88,0.7,9998.691000000003
2017-08-11 02:16:33.496483,0.000693197,0.703928,1,3427.6,0.6,9999.895000000002
2017-08-11 02:17:37.717488,0.000560933,0.748734,1,3427.605,0.5,9999.898000000001
2017-08-11 02:18:41.965126,0.00105571,0.61277,1,3427.605,0.4,9999.898000000001
2017-08-11 02:19:45.761721,0.00198513,0.456747,-1,3429.575,0.4,10000.686000000002
2017-08-11 02:20:50.033346,0.00372876,0.308829,-1,3429.825,0.4,10000.786000000002
2017-08-11 02:21:54.297488,0.00698945,0.191978,-1,3429.745,0.4,10000.754
2017-08-11 02:22:58.598063,0.0130497,0.112276,-1,3429.745,0.4,10000.754
2017-08-11 02:24:02.955824,0.0241792,0.063224,-1,3429.955,0.4,10000.838000000002
2017-08-11 02:25:07.483794,0.044211,0.034892,-1,3421.885,0.4,9997.610000000002
2017-08-11 02:26:11.634889,0.0249071,0.0614475,-1,3424.6450000000004,0.4,9998.714000000002
2017-08-11 02:27:16.231181,0.0136719,0.107661,-1,3426.865,0.4,9999.602000000003
2017-08-11 02:28:20.838115,0.00759479,0.179354,-1,3429.895,0.4,10000.814000000002
2017-08-11 02:29:25.228116,0.0140997,0.104706,-1,3429.9849999999997,0.4,10000.850000000002
2017-08-11 02:30:29.692053,0.0261153,0.0587107,-1,3429.9849999999997,0.4,10000.850000000002
2017-08-11 02:31:34.115410,0.0476673,0.0323352,-1,3429.9849999999997,0.4,10000.850000000002
2017-08-11 02:32:38.471325,0.0848103,0.017729,-1,3429.9849999999997,0.4,10000.850000000002
2017-08-11 02:33:42.938379,0.0824995,0.0172116,-1,3429.9849999999997,0.4,10000.850000000002
2017-08-11 02:34:47.403762,0.0785293,0.0163275,-1,3429.9849999999997,0.4,10000.850000000002
2017-08-11 02:35:51.887859,0.0748357,0.0155104,-1,3429.9849999999997,0.4,10000.850000000002
2017-08-11 02:36:56.748376,0.0714688,0.0147701,-1,3429.9849999999997,0.4,10000.850000000002
2017-08-11 02:38:02.158399,0.068391,0.014097,-1,3429.995,0.4,10000.854000000001
2017-08-11 02:39:06.754497,0.116663,0.00788594,-1,3429.6549999999997,0.4,10000.718
2017-08-11 02:40:11.343465,0.0661115,0.0146125,-1,3429.9849999999997,0.4,10000.850000000002
2017-08-11 02:41:16.118291,0.0616993,0.0135874,-1,3432.9799999999996,0.4,10002.048000000003
2017-08-11 02:42:20.757300,0.106154,0.00756982,-1,3434.9849999999997,0.4,10002.850000000002
2017-08-11 02:43:25.689013,0.177076,0.00419352,-1,3434.9849999999997,0.4,10002.850000000002
2017-08-11 02:44:30.343149,0.274852,0.00238746,-1,3434.9849999999997,0.4,10002.850000000002
2017-08-11 02:45:35.044696,0.389509,0.00142377,-1,3437.355,0.4,10003.798000000003
2017-08-11 02:46:39.729094,0.502391,0.000906601,0,3436.08,0.5,10003.288
2017-08-11 02:47:44.432812,0.597677,0.000625202,0,3437.47,0.6,10003.983
2017-08-11 02:48:49.228183,0.670564,0.000467255,0,3436.915,0.7,10003.650000000001
2017-08-11 02:49:54.175129,0.519639,0.000878804,0,3437.2799999999997,0.7999999999999999,10003.9055
2017-08-11 02:50:58.681785,0.571267,0.00071946,0,3436.915,0.8999999999999999,10003.613500000001
2017-08-11 02:52:03.448343,0.414601,0.00135268,-1,3436.9049999999997,0.8999999999999999,10003.604500000001
2017-08-11 02:53:07.996701,0.273491,0.00254182,-1,3436.9049999999997,0.8999999999999999,10003.604500000001
2017-08-11 02:54:12.735747,0.166776,0.00476981,-1,3430.365,0.8999999999999999,9997.7185
2017-08-11 02:55:17.478137,0.0961548,0.00893661,-1,3430.07,0.8999999999999999,9997.453000000001
2017-08-11 02:56:22.444966,0.0535863,0.0166602,-1,3430.145,0.8999999999999999,9997.5205
2017-08-11 02:57:27.340684,0.0293289,0.0307719,-1,3433.395,0.8999999999999999,10000.445500000002
2017-08-11 02:58:31.983783,0.0521376,0.0171413,-1,3436.915,0.8999999999999999,10003.613500000001
2017-08-11 02:59:36.858598,0.0923568,0.00934027,-1,3436.955,0.8999999999999999,10003.649500000001
2017-08-11 03:00:41.484405,0.156498,0.00514543,-1,3436.005,0.8999999999999999,10002.7945
2017-08-11 03:01:46.150555,0.247863,0.00290539,-1,3436.005,0.8999999999999999,10002.7945
2017-08-11 03:02:51.163771,0.149388,0.00543785,-1,3436.005,0.8999999999999999,10002.7945
2017-08-11 03:03:56.145730,0.0854735,0.0101696,-1,3436.005,0.8999999999999999,10002.7945
2017-08-11 03:05:01.090594,0.0783716,0.00926153,-1,3436.005,0.8999999999999999,10002.7945
2017-08-11 03:06:06.314538,0.0745549,0.00877861,-1,3436.005,0.8999999999999999,10002.7945
2017-08-11 03:07:11.148433,0.0712063,0.00835781,-1,3436.005,0.8999999999999999,10002.7945
2017-08-11 03:08:15.947985,0.0681502,0.0079761,-1,3436.005,0.8999999999999999,10002.7945
2017-08-11 03:09:20.769066,0.0653453,0.00762772,-1,3436.005,0.8999999999999999,10002.7945
2017-08-11 03:10:25.832097,0.0627617,0.00730846,-1,3436.005,0.8999999999999999,10002.7945
2017-08-11 03:11:30.704286,0.0603741,0.00701482,-1,3436.005,0.8999999999999999,10002.7945
2017-08-11 03:12:35.704063,0.0581613,0.00674384,-1,3436.035,0.8999999999999999,10002.821500000002
2017-08-11 03:13:40.939724,0.100621,0.00373517,-1,3436.975,0.8999999999999999,10003.667500000001
2017-08-11 03:14:46.082862,0.168752,0.00206469,-1,3440.2349999999997,0.8999999999999999,10006.6015
2017-08-11 03:15:51.319954,0.264058,0.00117417,-1,3440.2349999999997,0.8999999999999999,10006.6015
2017-08-11 03:16:56.537929,0.377867,0.00070221,-1,3439.815,0.8999999999999999,10006.2235
2017-08-11 03:18:02.889559,0.491806,0.000453384,-1,3438.645,0.8999999999999999,10005.1705
2017-08-11 03:19:08.226868,0.339599,0.000852863,-1,3439.415,0.8999999999999999,10005.863500000001
2017-08-11 03:20:13.569839,0.214603,0.00160382,-1,3439.745,0.8999999999999999,10006.160500000002
2017-08-11 03:21:18.928736,0.126825,0.00301287,-1,3440.7650000000003,0.8999999999999999,10007.078500000001
2017-08-11 03:22:24.004680,0.192742,0.00183816,-1,3442.5299999999997,0.8999999999999999,10008.667000000001
2017-08-11 03:23:29.292879,0.293271,0.00106389,-1,3444.3199999999997,0.8999999999999999,10010.278
2017-08-11 03:24:34.620986,0.408948,0.00064728,-1,3441.8450000000003,0.8999999999999999,10008.050500000001
2017-08-11 03:25:40.468398,0.51969,0.000427213,0,3438.615,0.9999999999999999,10005.1435
2017-08-11 03:26:45.828808,0.364945,0.000804019,-1,3438.615,0.9999999999999999,10005.1435
2017-08-11 03:27:51.251631,0.233761,0.00151341,-1,3441.3050000000003,0.9999999999999999,10007.8335
2017-08-11 03:28:56.693000,0.139525,0.00284358,-1,3440.99,0.9999999999999999,10007.5185
2017-08-11 03:30:02.124233,0.20845,0.00175611,-1,3441.6949999999997,0.9999999999999999,10008.2235
2017-08-11 03:31:07.635633,0.312255,0.00102498,-1,3444.775,0.9999999999999999,10011.303500000002
2017-08-11 03:32:12.959132,0.428378,0.000630401,-1,3444.995,0.9999999999999999,10011.523500000001
2017-08-11 03:33:18.445369,0.536685,0.000421242,0,3444.995,1.0999999999999999,10011.523500000001
2017-08-11 03:34:23.988241,0.624543,0.000309885,0,3445.995,1.0999999999999999,10012.623500000002
2017-08-11 03:35:29.520147,0.690403,0.00024858,0,3446.995,1.0999999999999999,10013.7235
2017-08-11 03:36:35.054467,0.738773,0.000212438,0,3446.435,1.0999999999999999,10013.107500000002
2017-08-11 03:37:40.636395,0.774778,0.000189332,0,3445.925,1.0999999999999999,10012.5465
2017-08-11 03:38:46.187788,0.646378,0.000356225,0,3445.935,1.0999999999999999,10012.5575
2017-08-11 03:39:51.788457,0.492657,0.000670298,-1,3445.975,1.0999999999999999,10012.6015
2017-08-11 03:40:57.391218,0.340361,0.00126069,-1,3446.545,1.0999999999999999,10013.228500000001
2017-08-11 03:42:03.342805,0.415625,0.000920664,-1,3446.635,1.0999999999999999,10013.327500000001
2017-08-11 03:43:09.053857,0.51912,0.000615937,0,3446.635,1.0999999999999999,10013.327500000001
2017-08-11 03:44:14.897683,0.609731,0.000437956,0,3447.915,1.0999999999999999,10014.7355
2017-08-11 03:45:20.319541,0.679274,0.000337323,0,3447.915,1.0999999999999999,10014.7355
2017-08-11 03:46:25.895744,0.730538,0.000278076,0,3447.9049999999997,1.0999999999999999,10014.7245
2017-08-11 03:47:31.593965,0.768574,0.000240789,0,3447.915,1.0999999999999999,10014.7355
2017-08-11 03:48:37.441928,0.676611,0.00017858,0,3447.855,1.0999999999999999,10014.6695
2017-08-11 03:49:43.274122,0.526457,0.000335991,0,3447.965,1.0999999999999999,10014.790500000001
2017-08-11 03:50:49.077684,0.576998,0.000286394,0,3447.975,1.0999999999999999,10014.801500000001
2017-08-11 03:51:54.980865,0.647932,0.000230738,0,3447.995,1.0999999999999999,10014.8235
2017-08-11 03:53:00.753712,0.706304,0.000195095,0,3446.91,1.0999999999999999,10013.630000000001
2017-08-11 03:54:06.554961,0.560945,0.000367129,0,3441.665,1.0999999999999999,10007.8605
2017-08-11 03:55:12.394415,0.404081,0.000691473,-1,3442.955,1.0999999999999999,10009.2795
2017-08-11 03:56:18.283478,0.264709,0.00130158,-1,3443.435,1.0999999999999999,10009.8075
2017-08-11 03:57:24.106700,0.16053,0.0024475,-1,3443.435,1.0999999999999999,10009.8075
2017-08-11 03:58:30.285246,0.233435,0.0015421,-1,3443.4849999999997,1.0999999999999999,10009.862500000001
2017-08-11 03:59:36.228749,0.341188,0.000913699,-1,3446.8199999999997,1.0999999999999999,10013.531
2017-08-11 04:00:42.256687,0.456929,0.00057265,-1,3446.51,1.0999999999999999,10013.19
2017-08-11 04:01:48.321984,0.560781,0.00039155,0,3446.825,1.0999999999999999,10013.5365
2017-08-11 04:02:54.347231,0.642936,0.000294481,0,3449.9849999999997,1.0999999999999999,10017.0125
2017-08-11 04:04:00.045203,0.703949,0.000240217,0,3449.9049999999997,1.0999999999999999,10016.924500000001
2017-08-11 04:05:07.266867,0.7488,0.000207589,0,3448.135,1.0999999999999999,10014.9775
2017-08-11 04:06:13.378566,0.78237,0.000186337,0,3446.675,1.0999999999999999,10013.371500000001
2017-08-11 04:07:19.393046,0.656244,0.000350801,0,3446.675,1.0999999999999999,10013.371500000001
2017-08-11 04:08:25.438440,0.503418,0.000660357,0,3446.675,1.0999999999999999,10013.371500000001
2017-08-11 04:09:31.512389,0.350048,0.00124224,-1,3448.77,1.0999999999999999,10015.676000000001
2017-08-11 04:10:37.382051,0.42444,0.000913297,-1,3449.73,1.0999999999999999,10016.732
2017-08-11 04:11:43.746821,0.526689,0.0006146,0,3449.705,1.0999999999999999,10016.7045
2017-08-11 04:12:49.952854,0.615666,0.000439207,0,3449.7349999999997,1.0999999999999999,10016.737500000001
2017-08-11 04:13:56.083356,0.683656,0.00033962,0,3449.725,1.0999999999999999,10016.7265
2017-08-11 04:15:02.252461,0.534557,0.000638836,0,3449.895,1.0999999999999999,10016.9135
2017-08-11 04:16:08.403029,0.583834,0.000530632,0,3451.425,1.0999999999999999,10018.596500000001
2017-08-11 04:17:14.525473,0.65318,0.00040725,0,3448.025,1.0999999999999999,10014.856500000002
2017-08-11 04:18:20.239415,0.500154,0.000766206,0,3448.0150000000003,1.0999999999999999,10014.845500000001
2017-08-11 04:19:26.450097,0.347074,0.00144129,-1,3441.895,1.0999999999999999,10008.113500000001
2017-08-11 04:20:32.703096,0.220004,0.00271275,-1,3443.1,1.0999999999999999,10009.439
2017-08-11 04:21:39.022085,0.130325,0.00509374,-1,3443.025,1.0999999999999999,10009.356500000002
2017-08-11 04:22:45.292368,0.0737996,0.00953706,-1,3443.735,1.0999999999999999,10010.1375
2017-08-11 04:23:51.518860,0.121381,0.00552397,-1,3444.3050000000003,1.0999999999999999,10010.764500000001
2017-08-11 04:24:57.513343,0.198861,0.00308383,-1,3444.525,1.0999999999999999,10011.006500000001
2017-08-11 04:26:03.885278,0.302062,0.0017743,-1,3446.245,1.0999999999999999,10012.898500000001
2017-08-11 04:27:10.235212,0.418132,0.00107477,-1,3449.675,1.0999999999999999,10016.6715
2017-08-11 04:28:16.336280,0.527885,0.000699191,0,3449.685,1.0999999999999999,10016.6825
2017-08-11 04:29:22.731083,0.617799,0.000494713,0,3449.685,1.0999999999999999,10016.6825
2017-08-11 04:30:29.645173,0.685487,0.000379714,0,3449.685,1.0999999999999999,10016.6825
2017-08-11 04:31:36.078838,0.735134,0.000311455,0,3448.975,1.0999999999999999,10015.9015
2017-08-11 04:32:42.525706,0.595918,0.000585966,0,3448.505,1.0999999999999999,10015.3845
2017-08-11 04:33:48.977701,0.439303,0.00110233,-1,3449.09,1.0999999999999999,10016.028000000002
2017-08-11 04:34:55.483917,0.293969,0.00207225,-1,3449.385,1.0999999999999999,10016.3525
2017-08-11 04:36:02.139306,0.372495,0.00145818,-1,3449.2700000000004,1.0999999999999999,10016.226000000002
2017-08-11 04:37:09.151994,0.481285,0.000939536,-1,3449.45,1.0999999999999999,10016.424
2017-08-11 04:38:15.679139,0.579816,0.00064067,0,3449.665,1.0999999999999999,10016.660500000002
2017-08-11 04:39:22.283494,0.657034,0.000472518,0,3449.665,1.0999999999999999,10016.660500000002
2017-08-11 04:40:28.947466,0.714203,0.000374421,0,3449.665,1.0999999999999999,10016.660500000002
2017-08-11 04:41:35.510826,0.756357,0.000313706,0,3449.975,1.0999999999999999,10017.0015
2017-08-11 04:42:41.837787,0.788111,0.000273608,0,3449.955,1.0999999999999999,10016.979500000001
2017-08-11 04:43:48.451233,0.812705,0.000245523,0,3449.935,1.0999999999999999,10016.9575
2017-08-11 04:44:55.155274,0.832257,0.000224868,0,3448.2200000000003,1.0999999999999999,10015.071000000002
2017-08-11 04:46:01.857706,0.724937,0.000423201,0,3449.465,1.0999999999999999,10016.4405
2017-08-11 04:47:08.521434,0.583384,0.000796184,0,3449.955,1.0999999999999999,10016.979500000001
2017-08-11 04:48:15.412066,0.624958,0.000674693,0,3449.955,1.0999999999999999,10016.979500000001
2017-08-11 04:49:22.083808,0.684444,0.000527378,0,3448.005,1.0999999999999999,10014.8345
2017-08-11 04:50:28.877193,0.535434,0.000991987,0,3448.005,1.0999999999999999,10014.8345
2017-08-11 04:51:35.611091,0.379775,0.00186552,-1,3448.005,1.0999999999999999,10014.8345
2017-08-11 04:52:42.435934,0.245513,0.00350458,-1,3448.005,1.0999999999999999,10014.8345
2017-08-11 04:53:50.017253,0.203773,0.00276004,-1,3448.005,1.0999999999999999,10014.8345
2017-08-11 04:54:56.864051,0.179733,0.00236555,-1,3448.1949999999997,1.0999999999999999,10015.0435
2017-08-11 04:56:03.753669,0.26609,0.00143501,-1,3451.995,1.0999999999999999,10019.2235
2017-08-11 04:57:10.629942,0.378677,0.000860906,-1,3453.0950000000003,1.0999999999999999,10020.433500000001
2017-08-11 04:58:17.428441,0.492421,0.000551412,-1,3451.645,1.0999999999999999,10018.838500000002
2017-08-11 04:59:24.044474,0.589775,0.000386206,0,3450.77,1.0999999999999999,10017.876
2017-08-11 05:00:31.024778,0.43308,0.000726551,-1,3450.9849999999997,1.0999999999999999,10018.112500000001
2017-08-11 05:01:37.958885,0.288662,0.00136681,-1,3450.5299999999997,1.0999999999999999,10017.612000000001
2017-08-11 05:02:46.456790,0.177396,0.00256886,-1,3450.125,1.0999999999999999,10017.166500000001
2017-08-11 05:03:53.408141,0.102864,0.00482063,-1,3450.995,1.0999999999999999,10018.123500000002
2017-08-11 05:05:00.386340,0.161713,0.00287286,-1,3453.08,1.0999999999999999,10020.417000000001
2017-08-11 05:06:07.344799,0.253937,0.0016338,-1,3451.05,1.0999999999999999,10018.184000000001
2017-08-11 05:07:14.477010,0.366468,0.000967993,-1,3450.8050000000003,1.0999999999999999,10017.9145
2017-08-11 05:08:21.572482,0.235258,0.00181858,-1,3450.9750000000004,1.0999999999999999,10018.1015
2017-08-11 05:09:28.583353,0.140507,0.00341668,-1,3450.27,1.0999999999999999,10017.326000000001
2017-08-11 05:10:35.682887,0.0799864,0.00640519,-1,3450.005,1.0999999999999999,10017.034500000002
2017-08-11 05:11:42.787024,0.0442361,0.0119644,-1,3451.8050000000003,1.0999999999999999,10019.014500000001
2017-08-11 05:12:49.915233,0.0764942,0.00672176,-1,3451.52,1.0999999999999999,10018.701000000001
2017-08-11 05:13:57.292062,0.131671,0.00368449,-1,3450.99,1.0999999999999999,10018.118
2017-08-11 05:15:04.462412,0.213825,0.00206036,-1,3451.975,1.0999999999999999,10019.201500000001
2017-08-11 05:16:11.389506,0.320208,0.00119555,-1,3452.55,1.0999999999999999,10019.834
2017-08-11 05:17:18.579612,0.436483,0.000735267,-1,3452.9449999999997,1.0999999999999999,10020.2685
2017-08-11 05:18:25.787185,0.543573,0.000489844,0,3453.0950000000003,1.0999999999999999,10020.433500000001
2017-08-11 05:19:32.886742,0.629774,0.000357536,0,3453.085,1.0999999999999999,10020.4225
2017-08-11 05:20:40.126213,0.694229,0.000283686,0,3452.7250000000004,1.0999999999999999,10020.026500000002
2017-08-11 05:21:49.230440,0.546786,0.000533692,0,3453.055,1.0999999999999999,10020.389500000001
2017-08-11 05:22:56.549415,0.390648,0.00100385,-1,3453.045,1.0999999999999999,10020.3785
2017-08-11 05:24:04.202449,0.254128,0.00188713,-1,3453.105,1.0999999999999999,10020.444500000001
2017-08-11 05:25:11.508405,0.333748,0.00128869,-1,3453.105,1.0999999999999999,10020.444500000001
2017-08-11 05:26:18.807956,0.445333,0.000811552,-1,3453.105,1.0999999999999999,10020.444500000001
2017-08-11 05:27:26.173205,0.550288,0.000543025,0,3453.115,1.0999999999999999,10020.4555
2017-08-11 05:28:33.806828,0.634748,0.000395636,0,3453.115,1.0999999999999999,10020.4555
2017-08-11 05:29:41.301934,0.697846,0.000312303,0,3453.115,1.0999999999999999,10020.4555
2017-08-11 05:30:48.776152,0.744229,0.000262327,0,3453.115,1.0999999999999999,10020.4555
2017-08-11 05:31:55.912787,0.651744,0.000193889,0,3453.115,1.0999999999999999,10020.4555
2017-08-11 05:33:03.462349,0.538926,0.000150161,0,3453.115,1.0999999999999999,10020.4555
2017-08-11 05:34:10.756738,0.436303,0.000126491,-1,3453.115,1.0999999999999999,10020.4555
2017-08-11 05:35:18.268467,0.355025,0.000112807,-1,3453.115,1.0999999999999999,10020.4555
2017-08-11 05:36:25.922325,0.294637,0.000104221,-1,3453.115,1.0999999999999999,10020.4555
2017-08-11 05:37:33.614834,0.250208,9.84076e-05,-1,3452.89,1.0999999999999999,10020.208
2017-08-11 05:38:41.049301,0.150596,0.000185167,-1,3452.8199999999997,1.0999999999999999,10020.131000000001
2017-08-11 05:39:48.584855,0.0860867,0.000348429,-1,3452.965,1.0999999999999999,10020.290500000001
2017-08-11 05:40:56.228366,0.0476639,0.000655525,-1,3452.285,1.0999999999999999,10019.542500000001
2017-08-11 05:42:03.790441,0.0259048,0.00123296,-1,3451.335,1.0999999999999999,10018.497500000001
2017-08-11 05:43:11.383818,0.0139344,0.00231782,-1,3451.5550000000003,1.0999999999999999,10018.739500000001
2017-08-11 05:44:19.024796,0.00745645,0.00435146,-1,3453.115,1.0999999999999999,10020.4555
2017-08-11 05:45:26.839188,0.0138244,0.00233914,-1,3453.115,1.0999999999999999,10020.4555
2017-08-11 05:46:34.729017,0.0255972,0.00125411,-1,3453.06,1.0999999999999999,10020.395
2017-08-11 05:47:42.343454,0.0467369,0.000680674,-1,3452.535,1.0999999999999999,10019.817500000001
2017-08-11 05:48:50.047812,0.025404,0.0012795,-1,3451.875,1.0999999999999999,10019.0915
2017-08-11 05:49:57.787177,0.0136626,0.00240506,-1,3453.125,1.0999999999999999,10020.4665
2017-08-11 05:51:05.675220,0.0250152,0.00130426,-1,3453.125,1.0999999999999999,10020.4665
2017-08-11 05:52:13.433340,0.045694,0.000707312,-1,3453.125,1.0999999999999999,10020.4665
2017-08-11 05:53:21.367474,0.0814985,0.000396083,-1,3453.125,1.0999999999999999,10020.4665
2017-08-11 05:54:29.260245,0.0793612,0.000386674,-1,3453.125,1.0999999999999999,10020.4665
2017-08-11 05:55:37.017977,0.0756759,0.000370575,-1,3453.125,1.0999999999999999,10020.4665
2017-08-11 05:56:44.915826,0.072239,0.000355767,-1,3454.995,1.0999999999999999,10022.523500000001
2017-08-11 05:57:52.808125,0.122616,0.00022284,-1,3455.975,1.0999999999999999,10023.6015
2017-08-11 05:59:00.464166,0.200907,0.000155676,-1,3455.9849999999997,1.0999999999999999,10023.612500000001
2017-08-11 06:00:08.123417,0.304647,0.000122349,-1,3455.975,1.0999999999999999,10023.6015
2017-08-11 06:01:15.948659,0.420741,0.00010401,-1,3455.9849999999997,1.0999999999999999,10023.612500000001
2017-08-11 06:02:23.924338,0.529976,9.29821e-05,0,3455.9799999999996,1.0999999999999999,10023.607
2017-08-11 06:03:31.852227,0.374644,0.00017495,-1,3455.995,1.0999999999999999,10023.623500000002
2017-08-11 06:04:39.994674,0.446438,0.000151158,-1,3455.995,1.0999999999999999,10023.623500000002
2017-08-11 06:05:48.061543,0.544988,0.000128055,0,3455.995,1.0999999999999999,10023.623500000002
2017-08-11 06:06:57.066531,0.62961,0.000113628,0,3455.995,1.0999999999999999,10023.623500000002
2017-08-11 06:08:05.181868,0.546332,0.000102824,0,3455.995,1.0999999999999999,10023.623500000002
2017-08-11 06:09:13.633826,0.447114,9.30618e-05,-1,3455.995,1.0999999999999999,10023.623500000002
2017-08-11 06:10:21.659895,0.364041,8.64002e-05,-1,3455.995,1.0999999999999999,10023.623500000002
2017-08-11 06:11:29.789996,0.301398,8.18586e-05,-1,3455.995,1.0999999999999999,10023.623500000002
2017-08-11 06:12:39.674207,0.255234,7.86291e-05,-1,3455.995,1.0999999999999999,10023.623500000002
2017-08-11 06:13:47.843160,0.220714,7.62161e-05,-1,3455.995,1.0999999999999999,10023.623500000002
2017-08-11 06:14:55.924882,0.194202,7.43308e-05,-1,3455.995,1.0999999999999999,10023.623500000002
2017-08-11 06:16:03.989325,0.173285,7.28036e-05,-1,3455.995,1.0999999999999999,10023.623500000002
2017-08-11 06:17:12.381768,0.156389,7.15314e-05,-1,3456.855,1.0999999999999999,10024.569500000001
2017-08-11 06:18:20.501234,0.238239,6.65071e-05,-1,3457.115,1.0999999999999999,10024.855500000001
2017-08-11 06:19:28.688954,0.347819,6.22914e-05,-1,3457.115,1.0999999999999999,10024.855500000001
2017-08-11 06:20:36.959511,0.46339,5.90957e-05,-1,3457.115,1.0999999999999999,10024.855500000001
2017-08-11 06:21:45.245859,0.566062,5.67206e-05,0,3457.815,1.0999999999999999,10025.625500000002
2017-08-11 06:22:53.523616,0.646857,5.49704e-05,0,3457.555,1.0999999999999999,10025.3395
2017-08-11 06:24:01.761294,0.706767,5.36701e-05,0,3457.7650000000003,1.0999999999999999,10025.570500000002
2017-08-11 06:25:10.232263,0.750845,5.26786e-05,0,3457.795,1.0999999999999999,10025.603500000001
2017-08-11 06:26:18.694642,0.615549,9.91078e-05,0,3457.7650000000003,1.0999999999999999,10025.570500000002
2017-08-11 06:27:27.384859,0.652101,9.54753e-05,0,3457.795,1.0999999999999999,10025.603500000001
2017-08-11 06:28:35.658576,0.705045,9.04204e-05,0,3457.795,1.0999999999999999,10025.603500000001
2017-08-11 06:29:43.973062,0.61278,8.30762e-05,0,3457.795,1.0999999999999999,10025.603500000001
2017-08-11 06:30:52.341146,0.656009,8.03461e-05,0,3457.825,1.0999999999999999,10025.6365
2017-08-11 06:32:00.501007,0.708986,7.7079e-05,0,3457.825,1.0999999999999999,10025.6365
2017-08-11 06:33:08.986594,0.75176,7.44722e-05,0,3457.825,1.0999999999999999,10025.6365
2017-08-11 06:34:16.963952,0.784499,7.2455e-05,0,3457.825,1.0999999999999999,10025.6365
2017-08-11 06:35:25.430847,0.693519,6.77132e-05,0,3458.105,1.0999999999999999,10025.944500000001
2017-08-11 06:36:33.935039,0.721704,6.65546e-05,0,3459.995,1.0999999999999999,10028.023500000001
2017-08-11 06:37:42.135336,0.758942,6.49876e-05,0,3461.135,1.0999999999999999,10029.2775
2017-08-11 06:38:50.738195,0.789691,6.36527e-05,0,3467.825,1.0999999999999999,10036.6365
2017-08-11 06:39:59.680117,0.81396,6.25571e-05,0,3467.9449999999997,1.0999999999999999,10036.7685
2017-08-11 06:41:08.166800,0.83331,6.16455e-05,0,3467.995,1.0999999999999999,10036.8235
2017-08-11 06:42:16.506498,0.849049,6.08708e-05,0,3468.165,1.0999999999999999,10037.0105
2017-08-11 06:43:24.807814,0.862071,6.02015e-05,0,3469.995,1.0999999999999999,10039.023500000001
2017-08-11 06:44:33.686281,0.873042,5.96131e-05,0,3473.6949999999997,1.0999999999999999,10043.0935
2017-08-11 06:45:42.292826,0.882415,5.90892e-05,0,3474.6099999999997,1.0999999999999999,10044.1
2017-08-11 06:46:51.134050,0.890508,5.86185e-05,0,3474.995,1.0999999999999999,10044.523500000001
2017-08-11 06:47:59.846737,0.897561,5.81923e-05,0,3474.995,1.0999999999999999,10044.523500000001
2017-08-11 06:49:08.459653,0.903758,5.78037e-05,0,3480.005,1.0999999999999999,10050.034500000002
2017-08-11 06:50:17.201982,0.909256,5.74464e-05,0,3488.325,1.0999999999999999,10059.1865
2017-08-11 06:51:25.959620,0.914173,5.71157e-05,0,3488.915,1.0999999999999999,10059.835500000001
2017-08-11 06:52:34.992707,0.918587,5.68088e-05,0,3483.675,1.0999999999999999,10054.071500000002
2017-08-11 06:53:43.942007,0.92256,5.65237e-05,0,3482.24,1.0999999999999999,10052.493
2017-08-11 06:54:52.625487,0.863435,0.000106461,0,3481.8450000000003,1.0999999999999999,10052.058500000001
2017-08-11 06:56:01.805784,0.770373,0.000200577,0,3480.045,1.0999999999999999,10050.078500000001
2017-08-11 06:57:10.624486,0.640463,0.00037765,0,3480.135,1.0999999999999999,10050.177500000002
2017-08-11 06:58:19.376673,0.486169,0.00071073,-1,3482.46,1.0999999999999999,10052.735
2017-08-11 06:59:28.165843,0.542918,0.000573872,0,3482.19,1.0999999999999999,10052.438000000002
2017-08-11 07:00:37.008155,0.621817,0.000426615,0,3482.0150000000003,1.0999999999999999,10052.2455
2017-08-11 07:01:45.863499,0.687081,0.000333475,0,3482.505,1.0999999999999999,10052.784500000002
2017-08-11 07:02:54.716573,0.736081,0.000276831,0,3484.25,1.0999999999999999,10054.704000000002
2017-08-11 07:04:03.611083,0.772718,0.000240633,0,3487.3900000000003,1.0999999999999999,10058.158000000001
2017-08-11 07:05:12.590619,0.800735,0.000215979,0,3487.745,1.0999999999999999,10058.5485
2017-08-11 07:06:21.527207,0.822716,0.000198226,0,3487.835,1.0999999999999999,10058.647500000001
2017-08-11 07:07:30.571729,0.840374,0.000184847,0,3488.16,1.0999999999999999,10059.005000000001
2017-08-11 07:08:39.600986,0.85485,0.000174391,0,3487.755,1.0999999999999999,10058.559500000001
2017-08-11 07:09:48.709064,0.866934,0.000165972,0,3487.755,1.0999999999999999,10058.559500000001
2017-08-11 07:10:58.361199,0.77587,0.000312284,0,3486.395,1.0999999999999999,10057.0635
2017-08-11 07:12:07.216963,0.647733,0.000587715,0,3483.455,1.0999999999999999,10053.8295
2017-08-11 07:13:16.337112,0.494013,0.00110625,-1,3482.475,1.0999999999999999,10052.7515
2017-08-11 07:14:25.473777,0.341416,0.00208135,-1,3482.495,1.0999999999999999,10052.773500000001
2017-08-11 07:15:34.735189,0.215946,0.00391039,-1,3482.495,1.0999999999999999,10052.773500000001
2017-08-11 07:16:43.881346,0.127776,0.00732658,-1,3482.4049999999997,1.0999999999999999,10052.674500000001
2017-08-11 07:17:53.063495,0.0723756,0.0136685,-1,3482.4049999999997,1.0999999999999999,10052.674500000001
2017-08-11 07:19:02.321109,0.0399794,0.0253064,-1,3479.6549999999997,1.0999999999999999,10049.6495
2017-08-11 07:20:11.538093,0.0218193,0.0462321,-1,3477.925,1.0999999999999999,10047.746500000001
2017-08-11 07:21:20.686936,0.01189,0.0824509,-1,3470.505,1.0999999999999999,10039.5845
2017-08-11 07:22:29.869825,0.00652713,0.141337,-1,3471.575,1.0999999999999999,10040.7615
2017-08-11 07:23:38.970133,0.0036606,0.227485,-1,3471.145,1.0999999999999999,10040.2885
2017-08-11 07:24:48.010809,0.00213043,0.336608,-1,3469.3599999999997,1.0999999999999999,10038.325
2017-08-11 07:25:57.803180,0.00131231,0.452716,-1,3467.795,1.0999999999999999,10036.603500000001
2017-08-11 07:27:07.146228,0.000869178,0.557327,1,3467.995,0.9999999999999999,10036.8235
2017-08-11 07:28:16.425562,0.000623456,0.640323,1,3469.535,0.8999999999999999,10038.363500000001
2017-08-11 07:29:26.934174,0.0011722,0.486211,-1,3469.605,0.8999999999999999,10038.426500000001
2017-08-11 07:30:36.351164,0.00220388,0.334576,-1,3474.725,0.8999999999999999,10043.034500000002
